Robert,Wilson,789-498-7961,1786 Ash Street,robert.wilson@example.com
Joshua,Jones,873-584-5708,3107 Maple Avenue,joshua.jones@example.com
Anna,Thompson,406-281-1547,2889 Maple Avenue,anna.thompson@domain.com
Sarah,Anderson,583-581-3493,6585 Cedar Road,sarah.anderson@example.com
Samantha,Brown,574-564-7508,4499 Ash Street,samantha.brown@domain.com
Katie,Martinez,171-814-7266,9673 Pine Lane,katie.martinez@domain.com
Samantha,White,721-852-2494,7712 Ash Street,samantha.white@domain.com
Laura,Moore,819-603-2233,6021 Chestnut Avenue,laura.moore@test.com
Jane,Wilson,923-788-2105,9703 Maple Avenue,jane.wilson@example.com
Sarah,Thompson,734-613-5407,9177 Elm Street,sarah.thompson@test.com
Jane,Lopez,617-520-9577,1115 Willow Drive,jane.lopez@sample.com
Joshua,Moore,950-649-3757,5959 Pine Lane,joshua.moore@sample.com
James,Brown,307-196-9613,3099 Elm Street,james.brown@domain.com
Emily,Lopez,900-397-9673,8111 Chestnut Avenue,emily.lopez@test.com
Chris,Moore,625-161-3287,4109 Pine Lane,chris.moore@domain.com
Jessica,Jones,157-689-5453,2182 Oak Street,jessica.jones@example.com
Sophia,Hernandez,989-739-6409,7147 Cedar Road,sophia.hernandez@example.com
Matthew,Wilson,415-476-6635,4140 Chestnut Avenue,matthew.wilson@sample.com
John,Davis,331-599-9182,2174 Cedar Road,john.davis@test.com
Sophia,Hernandez,271-614-3972,7176 Ash Street,sophia.hernandez@mail.com
Joseph,Hernandez,699-804-9841,2564 Ash Street,joseph.hernandez@example.com
Sarah,Hernandez,851-544-6660,1489 Oak Street,sarah.hernandez@example.com
Megan,Thomas,614-982-8678,2527 Birch Way,megan.thomas@test.com
Sophia,Brown,914-875-3373,4311 Cedar Road,sophia.brown@example.com
Alex,Moore,637-509-6263,4879 Willow Drive,alex.moore@test.com